Unnamed: 0,Age,Gender,EducationLevel,ExperienceYears,PreviousCompanies,DistanceFromCompany,InterviewScore,SkillScore,PersonalityScore,RecruitmentStrategy,HiringDecision,Gender_encoded,RecruitmentStrategy_encoded,EducationLevel_encoded
1,39,Male,PhD,12,3,25.8626943295439,35,68,80,Online,1,1,1,3
10,38,Male,High School,15,2,11.349680062252908,93,66,29,Online,0,1,1,0
16,23,Male,High School,7,5,42.38375973906359,72,0,97,Online,0,1,1,0
18,43,Male,Bachelor,14,1,40.45114222740671,34,63,10,Online,0,1,1,1
19,22,Male,High School,9,3,6.955326793835813,62,57,26,Online,0,1,1,0
20,41,Male,Master,8,2,8.027356399777146,67,94,23,Online,0,1,1,2
21,40,Male,Bachelor,8,1,15.32368688722918,99,58,98,Online,1,1,1,1
24,31,Male,High School,13,3,42.82654453804518,12,66,17,Online,0,1,1,0
28,47,Male,Master,1,2,16.313394350230737,38,88,86,Online,0,1,1,2
30,20,Male,High School,9,3,35.80962251505449,79,99,48,Online,0,1,1,0
31,31,Male,Bachelor,4,5,10.643528434480714,96,60,93,Online,0,1,1,1
36,44,Male,Bachelor,1,2,40.59456618978646,30,90,91,Online,0,1,1,1
37,36,Male,Master,9,5,41.5786002175774,92,32,63,Online,1,1,1,2
39,46,Male,Bachelor,8,4,3.865515500524341,12,47,24,Online,0,1,1,1
42,47,Male,High School,0,1,36.58889724954747,14,84,5,Online,0,1,1,0
43,47,Male,Bachelor,11,5,45.91776375838327,56,22,23,Online,0,1,1,1
49,49,Male,High School,8,5,17.419274980830266,65,84,39,Online,0,1,1,0
51,31,Male,Bachelor,15,3,2.23824387880756,38,40,23,Online,0,1,1,1
55,22,Male,Bachelor,9,2,7.818516373378292,20,10,52,Online,0,1,1,1
68,45,Male,Bachelor,8,4,20.39171347855472,25,43,37,Online,0,1,1,1
69,28,Male,PhD,5,5,15.393983903484042,70,15,58,Online,0,1,1,3
71,40,Male,Bachelor,11,1,42.82077982899283,69,76,67,Online,0,1,1,1
76,47,Male,Bachelor,1,2,3.483074572985944,57,32,90,Online,0,1,1,1
79,48,Male,Master,1,2,17.230458425508075,36,68,51,Online,0,1,1,2
94,23,Male,Bachelor,10,4,50.05907793969211,64,76,50,Online,0,1,1,1
96,48,Male,High School,1,2,40.59678114818821,100,58,76,Online,0,1,1,0
103,49,Male,Master,9,1,13.544515826705238,30,95,52,Online,0,1,1,2
112,47,Male,Master,7,4,45.24039735153254,16,70,99,Online,1,1,1,2
113,44,Male,Master,5,5,12.567882112970452,85,23,90,Online,0,1,1,2
116,40,Male,High School,13,5,44.42785141247304,85,60,61,Online,1,1,1,0
117,35,Male,Bachelor,8,2,29.231992894810094,4,22,26,Online,0,1,1,1
126,47,Male,Bachelor,8,5,9.487960069641328,54,68,7,Online,0,1,1,1
127,47,Male,Bachelor,3,1,5.782034801185797,38,91,47,Online,0,1,1,1
133,20,Male,PhD,12,5,4.193988371545142,80,68,78,Online,1,1,1,3
136,28,Male,Master,15,2,26.76525939971884,15,37,54,Online,0,1,1,2
138,20,Male,Bachelor,5,5,38.58853938414891,83,25,72,Online,0,1,1,1
142,50,Male,Bachelor,9,4,44.03339108944426,87,53,56,Online,0,1,1,1
146,27,Male,Master,1,2,43.54759497034,96,71,96,Online,1,1,1,2
154,45,Male,PhD,14,2,36.96172095220734,90,61,53,Online,1,1,1,3
155,28,Male,Bachelor,14,3,14.577522758874284,12,30,13,Online,0,1,1,1
156,47,Male,PhD,3,3,16.810756128166503,32,41,58,Online,0,1,1,3
161,21,Male,High School,9,1,15.90034285968777,77,89,79,Online,1,1,1,0
170,31,Male,Bachelor,1,2,13.626519481822225,11,23,44,Online,0,1,1,1
172,41,Male,High School,12,1,43.36347049813619,43,12,58,Online,0,1,1,0
175,20,Male,Bachelor,0,1,18.09328843990755,16,20,89,Online,0,1,1,1
176,22,Male,PhD,4,2,50.29018297251525,39,18,21,Online,0,1,1,3
180,22,Male,High School,3,1,1.4388605973964732,86,74,85,Online,0,1,1,0
189,28,Male,Master,15,5,49.84827730633113,99,100,43,Online,1,1,1,2
193,29,Male,High School,12,1,41.653139860706005,22,96,100,Online,0,1,1,0
197,50,Male,High School,9,3,11.757781081202776,5,92,60,Online,0,1,1,0
223,40,Male,High School,13,4,13.127213829148536,70,87,21,Online,0,1,1,0
226,47,Male,Master,13,4,12.519331969294472,51,95,84,Online,1,1,1,2
227,31,Male,Bachelor,9,4,15.462195140983408,30,70,50,Online,0,1,1,1
228,31,Male,High School,0,5,19.46770650447161,32,32,49,Online,0,1,1,0
232,30,Male,Bachelor,10,3,44.27856100473822,57,10,41,Online,0,1,1,1
233,45,Male,Bachelor,8,3,29.860803650447508,55,87,38,Online,0,1,1,1
236,44,Male,High School,11,4,17.947238767422434,30,56,56,Online,0,1,1,0
238,49,Male,Master,0,3,4.874148689619295,9,59,81,Online,0,1,1,2
242,46,Male,Bachelor,1,4,47.69889870722596,2,83,68,Online,0,1,1,1
244,44,Male,Bachelor,10,5,40.86971789538893,30,13,50,Online,0,1,1,1
250,25,Male,Master,10,5,24.34390495615522,14,61,70,Online,1,1,1,2
255,24,Male,Master,3,5,47.94384875711365,56,79,3,Online,0,1,1,2
256,20,Male,Master,1,5,15.747291202117102,49,58,20,Online,0,1,1,2
261,34,Male,Master,11,3,50.84045903405544,87,21,34,Online,0,1,1,2
265,28,Male,PhD,5,5,37.34384530698858,42,26,36,Online,0,1,1,3
269,36,Male,Master,8,4,4.110254576284549,93,7,91,Online,1,1,1,2
270,45,Male,Bachelor,12,1,42.13514608586032,41,79,60,Online,0,1,1,1
273,49,Male,High School,15,2,26.13750958048061,64,0,52,Online,0,1,1,0
274,26,Male,Bachelor,6,5,42.97266171047754,33,75,83,Online,0,1,1,1
281,36,Male,Bachelor,14,5,11.070315460667612,86,17,29,Online,0,1,1,1
282,46,Male,Bachelor,0,4,1.4771676533613325,20,48,87,Online,0,1,1,1
284,21,Male,Master,2,4,19.79262325909896,67,64,35,Online,0,1,1,2
285,21,Male,High School,13,4,42.02723238729936,11,82,37,Online,0,1,1,0
291,20,Male,Bachelor,5,4,13.737435366835944,96,68,11,Online,0,1,1,1
293,49,Male,Bachelor,15,4,36.28076523921465,13,39,43,Online,0,1,1,1
296,31,Male,Bachelor,0,5,49.07072702118195,74,49,48,Online,0,1,1,1
302,30,Male,High School,2,5,10.439701388672225,79,79,14,Online,0,1,1,0
307,25,Male,Bachelor,2,1,29.096762675983168,25,52,92,Online,0,1,1,1
312,25,Male,Bachelor,11,3,50.3343805808512,74,21,52,Online,0,1,1,1
320,47,Male,Bachelor,12,4,47.5499309856292,53,63,4,Online,0,1,1,1
322,25,Male,High School,9,2,28.365237205734218,41,88,91,Online,0,1,1,0
324,48,Male,Bachelor,7,4,14.13604717806514,28,71,40,Online,0,1,1,1
333,50,Male,Bachelor,3,2,23.37759275530309,93,49,68,Online,0,1,1,1
334,38,Male,High School,13,4,37.500086054043074,31,55,8,Online,0,1,1,0
343,27,Male,High School,4,2,13.935547370781723,29,16,94,Online,0,1,1,0
347,44,Male,Bachelor,2,3,47.8819889978951,8,66,54,Online,0,1,1,1
352,49,Male,High School,8,3,40.4100464933353,72,93,46,Online,0,1,1,0
355,26,Male,Bachelor,9,4,35.41692057732824,82,26,27,Online,0,1,1,1
357,35,Male,Bachelor,0,2,11.657105965696834,39,9,3,Online,0,1,1,1
358,45,Male,High School,11,3,44.35886772256761,44,88,87,Online,0,1,1,0
359,35,Male,Bachelor,6,1,48.79215735875819,67,76,30,Online,0,1,1,1
360,44,Male,Master,15,2,12.835765292243488,8,15,44,Online,0,1,1,2
361,39,Male,Master,2,1,45.13077287586229,21,40,58,Online,0,1,1,2
377,35,Male,Master,6,1,45.78631777575573,36,42,71,Online,0,1,1,2
382,41,Male,Master,4,1,26.69332628566358,61,80,55,Online,0,1,1,2
385,43,Male,Bachelor,5,1,36.27450123365583,32,76,46,Online,0,1,1,1
389,27,Male,Master,5,4,8.177237797188397,59,86,0,Online,0,1,1,2
392,27,Male,Bachelor,13,2,26.64314396884956,23,68,18,Online,0,1,1,1
395,22,Male,High School,10,4,36.34781592467113,3,72,71,Online,0,1,1,0
397,49,Male,High School,9,2,44.62599759146812,88,88,25,Online,0,1,1,0
400,44,Male,Master,9,4,47.29136872217587,87,84,14,Online,1,1,1,2
403,33,Male,High School,11,2,7.570619142763423,32,15,59,Online,0,1,1,0
407,22,Male,Bachelor,8,4,7.221094342594674,27,76,17,Online,0,1,1,1
410,28,Male,High School,10,4,26.6977723345354,64,71,33,Online,0,1,1,0
420,27,Male,Bachelor,13,5,6.32058814514223,63,76,32,Online,0,1,1,1
421,26,Male,High School,11,4,42.08762084926952,40,0,37,Online,0,1,1,0
426,31,Male,Master,8,5,36.55800437638831,24,99,90,Online,1,1,1,2
428,38,Male,Master,0,4,39.1928250100107,5,14,10,Online,0,1,1,2
431,41,Male,Bachelor,2,5,27.124840444529426,8,29,76,Online,0,1,1,1
432,33,Male,Bachelor,2,3,33.051242881767735,59,81,95,Online,0,1,1,1
433,49,Male,High School,9,3,40.31658276975202,48,74,100,Online,0,1,1,0
434,25,Male,Bachelor,7,5,21.25540272939283,96,42,3,Online,0,1,1,1
443,40,Male,Master,5,1,20.770913512118906,92,2,59,Online,0,1,1,2
448,20,Male,Master,14,5,47.89128999925335,78,40,57,Online,0,1,1,2
450,47,Male,Master,15,4,6.951065224657054,25,79,77,Online,1,1,1,2
459,47,Male,High School,9,5,39.016411070206885,75,90,65,Online,1,1,1,0
466,47,Male,High School,2,1,21.9172903746879,9,3,7,Online,0,1,1,0
472,33,Male,High School,0,1,22.61155297522541,64,52,14,Online,0,1,1,0
474,50,Male,Bachelor,13,4,38.33016023221019,3,77,22,Online,0,1,1,1
475,22,Male,Bachelor,0,4,1.629820063589348,59,59,81,Online,0,1,1,1
483,20,Male,Master,4,1,9.80123775205669,97,69,54,Online,0,1,1,2
485,37,Male,Bachelor,15,5,23.20919739607521,9,65,66,Online,0,1,1,1
491,22,Male,Bachelor,11,5,43.589516933027085,4,0,18,Online,0,1,1,1
500,50,Male,Bachelor,8,4,1.1038258800040603,13,54,76,Online,0,1,1,1
503,21,Male,Master,2,4,37.11080493368231,41,54,47,Online,0,1,1,2
508,28,Male,PhD,12,3,2.3540566835025523,30,67,27,Online,0,1,1,3
512,26,Male,Bachelor,8,5,7.230669283916368,7,89,85,Online,0,1,1,1
513,48,Male,High School,12,4,33.62379777536161,20,1,100,Online,0,1,1,0
528,39,Male,Bachelor,7,4,39.23881210625446,0,89,66,Online,0,1,1,1
533,33,Male,Bachelor,8,4,5.26341708058387,2,40,98,Online,0,1,1,1
537,34,Male,PhD,11,3,14.255662520757438,75,65,85,Online,1,1,1,3
538,47,Male,Master,3,3,22.60052794651813,73,41,56,Online,0,1,1,2
540,21,Male,Bachelor,0,3,12.016369671879128,42,35,85,Online,0,1,1,1
543,41,Male,Master,1,1,25.427123322012857,21,35,90,Online,0,1,1,2
545,44,Male,High School,12,4,34.346770877860855,1,37,78,Online,0,1,1,0
550,41,Male,PhD,12,3,38.114937836697216,75,85,97,Online,1,1,1,3
552,45,Male,Master,9,4,16.787170124201854,71,60,97,Online,1,1,1,2
556,29,Male,Bachelor,2,4,45.97062610836626,14,79,71,Online,0,1,1,1
557,25,Male,Bachelor,5,3,7.676711658037471,52,14,32,Online,0,1,1,1
559,41,Male,Master,15,5,42.057121236017366,7,71,91,Online,1,1,1,2
562,24,Male,Bachelor,6,1,26.34998100716737,68,59,35,Online,0,1,1,1
566,47,Male,High School,11,1,9.530056231082217,42,49,1,Online,0,1,1,0
583,37,Male,Bachelor,11,3,13.75467164161897,69,73,71,Online,0,1,1,1
585,29,Male,High School,12,4,38.58972936836282,67,100,19,Online,0,1,1,0
588,36,Male,Master,15,1,5.850910911854473,18,34,70,Online,0,1,1,2
589,43,Male,Bachelor,8,3,4.211928792856295,50,44,77,Online,0,1,1,1
601,50,Male,PhD,9,2,50.05224311272329,21,6,1,Online,0,1,1,3
603,31,Male,Bachelor,0,2,41.84451447520841,18,22,75,Online,0,1,1,1
610,21,Male,Bachelor,10,2,6.126459911390069,46,18,46,Online,0,1,1,1
611,49,Male,PhD,6,3,1.5958991489121046,12,59,82,Online,1,1,1,3
615,27,Male,High School,11,4,50.15323498074103,15,90,63,Online,0,1,1,0
616,32,Male,Master,5,5,25.6989574570094,72,51,80,Online,1,1,1,2
620,48,Male,Bachelor,15,1,29.638026647754337,40,69,53,Online,0,1,1,1
626,42,Male,High School,9,2,17.695123576327696,97,23,85,Online,0,1,1,0
630,35,Male,PhD,4,5,37.03625560133394,65,46,93,Online,0,1,1,3
634,44,Male,Bachelor,11,4,27.352507824628184,27,30,30,Online,0,1,1,1
635,48,Male,Bachelor,9,3,30.1266888720368,36,91,25,Online,0,1,1,1
637,47,Male,Master,12,3,38.65594235898371,73,29,20,Online,0,1,1,2
639,34,Male,Bachelor,5,2,44.48082288661308,3,43,36,Online,0,1,1,1
642,33,Male,High School,7,5,48.38980330072285,46,25,45,Online,0,1,1,0
645,24,Male,Bachelor,7,3,27.272256318108976,37,96,46,Online,0,1,1,1
654,20,Male,Bachelor,10,4,14.02015543939542,66,60,52,Online,0,1,1,1
659,45,Male,PhD,1,5,35.47085669356623,33,97,45,Online,0,1,1,3
661,41,Male,Master,11,1,35.693158093786614,53,70,43,Online,0,1,1,2
662,24,Male,High School,2,2,16.290675564183196,30,53,62,Online,0,1,1,0
663,23,Male,Master,9,2,38.96194898284976,57,98,93,Online,1,1,1,2
665,39,Male,Master,1,5,4.870577599237529,57,75,25,Online,0,1,1,2
667,29,Male,High School,15,3,18.165048459787048,29,10,28,Online,0,1,1,0
669,38,Male,Bachelor,15,2,31.112815118862866,62,43,46,Online,0,1,1,1
671,20,Male,Bachelor,5,1,39.84468741024364,71,24,22,Online,0,1,1,1
677,43,Male,Bachelor,13,3,48.51535068680906,85,37,57,Online,0,1,1,1
690,20,Male,Bachelor,6,3,1.7323563636243369,19,12,92,Online,0,1,1,1
691,20,Male,Bachelor,5,3,47.05719400904209,34,34,92,Online,0,1,1,1
692,48,Male,Bachelor,9,2,49.80430120997858,52,42,82,Online,0,1,1,1
695,24,Male,High School,14,2,38.68600882810648,51,76,49,Online,0,1,1,0
700,27,Male,Master,6,3,42.634687317471005,39,6,4,Online,0,1,1,2
701,29,Male,High School,5,4,25.67033502066976,46,44,40,Online,0,1,1,0
708,33,Male,Bachelor,0,2,3.772261785192071,83,59,70,Online,0,1,1,1
711,38,Male,Bachelor,0,1,13.94808025124876,76,36,77,Online,0,1,1,1
713,22,Male,Master,14,5,10.833361619515363,3,54,32,Online,0,1,1,2
720,29,Male,Bachelor,14,2,10.511396541006878,38,5,66,Online,0,1,1,1
724,38,Male,Bachelor,13,2,41.91539088376515,87,17,85,Online,0,1,1,1
727,23,Male,High School,5,2,26.73921174665672,76,6,86,Online,0,1,1,0
729,40,Male,High School,7,2,6.361119710424372,27,63,37,Online,0,1,1,0
732,30,Male,PhD,7,3,37.68214201822242,85,39,74,Online,1,1,1,3
740,23,Male,Master,1,5,12.469675107719102,95,3,50,Online,0,1,1,2
741,29,Male,Bachelor,1,3,11.915155590575615,32,5,75,Online,0,1,1,1
754,42,Male,High School,12,5,35.282587463259965,7,78,99,Online,0,1,1,0
757,31,Male,PhD,15,2,45.35213722234809,83,61,65,Online,1,1,1,3
758,36,Male,Bachelor,12,1,14.751238624389888,15,26,99,Online,0,1,1,1
763,22,Male,Bachelor,2,2,25.461943071388724,62,8,17,Online,0,1,1,1
770,35,Male,Master,2,1,48.64171945852922,75,50,12,Online,0,1,1,2
773,32,Male,Bachelor,10,1,24.703813205392883,91,86,8,Online,0,1,1,1
776,36,Male,Bachelor,5,3,1.1851203416208425,93,64,77,Online,0,1,1,1
778,31,Male,Bachelor,13,3,18.476140058469905,44,87,7,Online,0,1,1,1
782,31,Male,Bachelor,4,3,15.977815980744865,14,91,91,Online,0,1,1,1
785,47,Male,High School,5,3,45.90732224100504,45,55,70,Online,0,1,1,0
787,50,Male,High School,13,1,49.9901767690469,43,10,45,Online,0,1,1,0
794,24,Male,Bachelor,6,1,1.352145731207093,53,95,2,Online,0,1,1,1
796,31,Male,Bachelor,15,1,4.8397842143367,56,28,28,Online,0,1,1,1
797,44,Male,Bachelor,10,2,21.68530159550152,82,25,86,Online,0,1,1,1
803,42,Male,Master,4,1,50.42452422434024,24,11,4,Online,0,1,1,2
810,45,Male,Bachelor,12,2,11.187774292497188,54,66,94,Online,0,1,1,1
813,50,Male,Bachelor,10,2,20.97161395154272,7,39,88,Online,0,1,1,1
816,22,Male,Bachelor,12,3,36.44821335618887,60,13,61,Online,0,1,1,1
818,48,Male,Bachelor,8,5,7.886704944390432,64,68,15,Online,0,1,1,1
820,30,Male,Bachelor,15,5,1.9265616797166645,2,78,57,Online,0,1,1,1
824,28,Male,High School,10,3,40.32528567640611,81,18,3,Online,0,1,1,0
830,25,Male,Bachelor,14,4,50.18675168378789,90,79,90,Online,1,1,1,1
832,33,Male,PhD,4,3,38.6423737545692,26,22,55,Online,0,1,1,3
833,32,Male,Master,2,1,26.0016957784804,74,9,31,Online,0,1,1,2
834,27,Male,Bachelor,4,3,7.390592218019137,4,53,8,Online,0,1,1,1
837,37,Male,High School,3,4,2.720160422672912,56,16,77,Online,0,1,1,0
838,46,Male,Bachelor,5,5,32.74648650588719,92,55,32,Online,0,1,1,1
843,24,Male,Master,8,2,41.680440668367794,29,54,56,Online,0,1,1,2
846,27,Male,Master,15,4,46.51083274833223,2,1,3,Online,0,1,1,2
848,32,Male,High School,12,3,32.33852597086109,40,18,49,Online,0,1,1,0
853,50,Male,Bachelor,1,2,18.263227602852652,22,2,7,Online,0,1,1,1
856,32,Male,Master,10,1,45.09877775703037,8,94,25,Online,0,1,1,2
859,25,Male,High School,4,3,36.86863870314867,26,93,54,Online,0,1,1,0
861,50,Male,High School,8,5,18.168889478728627,63,61,13,Online,0,1,1,0
862,38,Male,Bachelor,10,3,1.954959967686292,51,70,5,Online,0,1,1,1
878,49,Male,Master,5,1,23.009016434859657,32,36,37,Online,0,1,1,2
881,47,Male,Bachelor,14,1,30.881621993445016,9,52,13,Online,0,1,1,1
888,22,Male,Bachelor,1,5,46.58639241708163,93,40,99,Online,0,1,1,1
889,32,Male,High School,15,5,36.104128344224826,100,76,97,Online,1,1,1,0
890,47,Male,High School,0,4,26.369488254257856,62,78,5,Online,0,1,1,0
899,25,Male,Master,13,3,31.937349122880317,49,83,96,Online,1,1,1,2
906,48,Male,High School,12,5,47.74465232772543,0,60,45,Online,0,1,1,0
907,34,Male,Bachelor,12,3,32.85429444273578,80,53,21,Online,0,1,1,1
908,40,Male,High School,1,1,45.93338507763319,24,7,86,Online,0,1,1,0
910,41,Male,PhD,0,2,8.471812925914712,71,94,44,Online,0,1,1,3
913,47,Male,Bachelor,3,5,10.081571093941092,98,85,85,Online,0,1,1,1
917,38,Male,Master,7,4,43.65640859551183,93,1,27,Online,0,1,1,2
918,39,Male,Bachelor,11,1,47.67902280033447,49,49,83,Online,0,1,1,1
920,37,Male,Master,10,1,7.261501281437337,32,65,79,Online,1,1,1,2
923,36,Male,Bachelor,7,2,43.75826724857364,0,79,86,Online,0,1,1,1
924,33,Male,Bachelor,12,1,18.93778810106369,89,50,23,Online,0,1,1,1
925,34,Male,Master,7,2,32.555851394611736,57,67,97,Online,1,1,1,2
933,42,Male,Master,15,2,49.64220793300112,13,16,4,Online,0,1,1,2
935,30,Male,Bachelor,13,1,21.63391241895746,23,22,49,Online,0,1,1,1
942,43,Male,Master,7,5,50.79968245503498,26,30,88,Online,0,1,1,2
943,47,Male,PhD,15,5,41.02680525633738,73,26,84,Online,1,1,1,3
951,45,Male,Bachelor,2,2,36.1202682933101,62,65,14,Online,0,1,1,1
954,47,Male,Bachelor,4,5,50.89887277791302,67,9,29,Online,0,1,1,1
956,24,Male,PhD,0,4,21.396890918392053,95,73,19,Online,0,1,1,3
960,41,Male,Master,8,2,2.5756521541105792,86,19,76,Online,1,1,1,2
962,36,Male,Bachelor,14,1,32.65425632481192,31,28,7,Online,0,1,1,1
964,20,Male,Bachelor,4,1,32.18718630437978,12,45,44,Online,0,1,1,1
969,35,Male,Bachelor,6,2,27.01159802520127,10,71,10,Online,0,1,1,1
977,38,Male,Bachelor,13,5,11.855161473494515,72,20,49,Online,0,1,1,1
980,44,Male,High School,13,1,8.39262189311919,64,87,0,Online,0,1,1,0
985,37,Male,Bachelor,11,5,49.2464300750913,62,16,86,Online,0,1,1,1
990,43,Male,Master,1,4,26.131505781062675,37,32,52,Online,0,1,1,2
997,30,Male,Master,4,4,48.66581861004803,53,71,95,Online,0,1,1,2
1000,50,Male,Bachelor,4,2,41.90727905639007,30,24,75,Online,0,1,1,1
1003,46,Male,Bachelor,7,1,39.27716848446013,9,62,33,Online,0,1,1,1
1008,21,Male,Bachelor,6,5,43.99703570917046,36,0,58,Online,0,1,1,1
1009,28,Male,Bachelor,7,2,11.65176599216321,66,50,68,Online,0,1,1,1
1011,50,Male,High School,13,5,5.189548627413081,78,7,32,Online,0,1,1,0
1012,20,Male,PhD,15,2,33.15304967700148,84,67,77,Online,1,1,1,3
1013,40,Male,Master,7,4,39.126701888776736,51,4,16,Online,0,1,1,2
1029,29,Male,High School,5,4,49.154706544890125,89,48,18,Online,0,1,1,0
1030,29,Male,Master,3,3,46.87724472981724,93,15,50,Online,0,1,1,2
1033,40,Male,Master,15,4,23.375144484975408,21,86,67,Online,1,1,1,2
1034,33,Male,Bachelor,5,3,6.094587698577641,56,97,83,Online,0,1,1,1
1035,28,Male,Bachelor,14,1,1.7960133631399302,61,74,82,Online,0,1,1,1
1037,20,Male,Master,14,3,49.04147085400942,70,32,90,Online,0,1,1,2
1038,38,Male,Bachelor,7,2,46.14340117160751,89,25,56,Online,0,1,1,1
1040,32,Male,Master,5,4,5.832029208243571,69,62,67,Online,0,1,1,2
1047,47,Male,Master,15,2,3.225451963808567,30,9,25,Online,0,1,1,2
1055,41,Male,Master,13,3,10.583565941513717,20,8,80,Online,0,1,1,2
1056,22,Male,Master,7,2,24.72721750792781,63,35,21,Online,0,1,1,2
1059,31,Male,Bachelor,15,4,27.46337240717951,33,35,9,Online,0,1,1,1
1062,31,Male,Bachelor,6,5,18.048328173124236,14,96,29,Online,0,1,1,1
1063,24,Male,Bachelor,0,3,41.273314152029336,95,94,7,Online,0,1,1,1
1069,35,Male,Master,8,3,37.30306630312372,82,76,43,Online,1,1,1,2
1071,34,Male,High School,9,5,46.41736051215048,27,92,66,Online,0,1,1,0
1073,34,Male,Master,7,5,27.388103266822377,84,25,25,Online,0,1,1,2
1082,47,Male,Master,11,4,35.47915327666149,100,64,47,Online,1,1,1,2
1084,25,Male,Bachelor,0,3,15.518094268334048,97,89,53,Online,0,1,1,1
1085,37,Male,Bachelor,14,3,5.100537060409382,37,75,77,Online,0,1,1,1
1096,25,Male,Bachelor,7,5,12.878000728388493,77,89,38,Online,0,1,1,1
1097,20,Male,Bachelor,3,3,25.463963052580155,91,49,14,Online,0,1,1,1
1099,34,Male,Bachelor,10,3,37.13843380053978,87,15,87,Online,0,1,1,1
1106,24,Male,High School,11,2,10.178205710846644,90,18,65,Online,0,1,1,0
1107,48,Male,Bachelor,11,2,42.04596068065001,82,65,12,Online,0,1,1,1
1109,29,Male,High School,2,3,10.449282998558756,25,72,8,Online,0,1,1,0
1113,36,Male,PhD,2,5,12.718504533893777,99,24,90,Online,0,1,1,3
1118,21,Male,High School,6,1,17.07665044191704,60,38,63,Online,0,1,1,0
1131,42,Male,Master,2,2,44.264727960051225,98,75,98,Online,1,1,1,2
1134,50,Male,Master,11,1,6.757789370143518,17,61,57,Online,0,1,1,2
1140,27,Male,PhD,11,3,16.67386799232252,40,67,20,Online,0,1,1,3
1141,23,Male,High School,6,5,32.02784235117293,36,8,23,Online,0,1,1,0
1144,22,Male,High School,12,1,6.600585653410284,7,26,53,Online,0,1,1,0
1145,22,Male,Bachelor,15,3,43.47322149642777,37,9,9,Online,0,1,1,1
1151,38,Male,Master,11,2,38.82695836131204,77,61,22,Online,1,1,1,2
1155,37,Male,Bachelor,11,5,50.67890864096093,29,55,69,Online,0,1,1,1
1157,29,Male,PhD,12,3,34.6322171763395,94,62,94,Online,1,1,1,3
1160,40,Male,PhD,15,1,26.267683411891305,30,50,41,Online,0,1,1,3
1161,25,Male,High School,5,5,34.998585504468814,51,49,22,Online,0,1,1,0
1163,24,Male,Bachelor,12,1,38.2814166260251,97,47,79,Online,0,1,1,1
1169,36,Male,Bachelor,8,5,37.496175964291055,40,33,68,Online,0,1,1,1
1172,32,Male,Bachelor,15,2,23.503208520787908,74,42,92,Online,0,1,1,1
1173,46,Male,Bachelor,2,1,11.235972697499946,68,15,11,Online,0,1,1,1
1178,44,Male,Bachelor,11,5,14.966974263827977,46,88,47,Online,0,1,1,1
1179,41,Male,Bachelor,0,2,19.469558222755687,78,94,87,Online,0,1,1,1
1180,34,Male,High School,10,3,8.97699783442118,12,40,61,Online,0,1,1,0
1185,35,Male,Bachelor,13,2,17.582892208850875,23,54,54,Online,0,1,1,1
1186,48,Male,Bachelor,3,1,37.15285627301649,92,94,46,Online,0,1,1,1
1188,45,Male,Bachelor,14,4,25.955432905380327,3,61,93,Online,0,1,1,1
1195,39,Male,Bachelor,6,5,13.84150188625926,9,17,76,Online,0,1,1,1
1196,34,Male,Bachelor,14,1,5.625831059154723,72,25,10,Online,0,1,1,1
1197,34,Male,Bachelor,5,5,6.047081277819943,58,18,9,Online,0,1,1,1
1201,33,Male,PhD,14,1,32.93363180602026,2,0,19,Online,0,1,1,3
1207,21,Male,PhD,12,4,1.0634038457745123,1,24,22,Online,0,1,1,3
1213,38,Male,Master,14,4,25.18454115733969,23,9,96,Online,0,1,1,2
1219,30,Male,Bachelor,1,5,13.176416944976816,62,60,26,Online,0,1,1,1
1228,34,Male,Bachelor,14,3,21.32092705010689,10,61,94,Online,0,1,1,1
1230,42,Male,Bachelor,12,1,19.964169586377228,58,79,100,Online,0,1,1,1
1231,24,Male,High School,6,1,3.361243824737741,61,71,1,Online,0,1,1,0
1232,47,Male,Bachelor,4,3,9.821988523517517,80,87,65,Online,0,1,1,1
1236,36,Male,Bachelor,12,5,26.15895835256723,20,87,19,Online,0,1,1,1
1237,26,Male,High School,15,3,25.664041366928004,12,79,96,Online,0,1,1,0
1244,32,Male,Bachelor,13,1,21.974074254490983,76,36,88,Online,0,1,1,1
1247,23,Male,Bachelor,15,1,11.775642877388442,30,100,33,Online,0,1,1,1
1248,29,Male,High School,1,1,12.053577640699592,85,89,72,Online,0,1,1,0
1249,22,Male,Bachelor,12,3,37.460547425042655,36,80,69,Online,0,1,1,1
1256,41,Male,PhD,13,5,28.84193473451205,35,83,59,Online,0,1,1,3
1261,36,Male,Bachelor,7,5,20.431547280355137,41,28,71,Online,0,1,1,1
1267,25,Male,Bachelor,9,5,24.64952968490764,59,82,23,Online,0,1,1,1
1270,21,Male,Bachelor,4,5,24.10196714197778,64,41,16,Online,0,1,1,1
1271,46,Male,High School,6,2,46.15139367464058,32,60,100,Online,0,1,1,0
1272,43,Male,High School,15,4,3.5426711817910563,37,57,19,Online,0,1,1,0
1273,46,Male,Master,3,1,44.17784014991549,24,53,2,Online,0,1,1,2
1278,20,Male,PhD,8,1,34.221189329633894,32,64,47,Online,0,1,1,3
1283,25,Male,Bachelor,2,2,32.09683668783546,48,78,64,Online,0,1,1,1
1294,42,Male,Bachelor,8,1,27.773247482847708,88,52,40,Online,0,1,1,1
1296,42,Male,High School,7,1,16.1472583945042,24,68,0,Online,0,1,1,0
1300,27,Male,Master,11,2,50.63127742264352,48,17,99,Online,0,1,1,2
1303,43,Male,Bachelor,7,2,34.60262702526809,28,55,9,Online,0,1,1,1
1311,34,Male,Bachelor,0,3,29.280176387402168,60,2,66,Online,0,1,1,1
1313,41,Male,Bachelor,15,5,1.6756821153091286,48,36,96,Online,0,1,1,1
1314,36,Male,High School,9,5,19.14329084975517,75,100,73,Online,1,1,1,0
1318,38,Male,Bachelor,7,5,25.192498501661163,2,51,35,Online,0,1,1,1
1321,21,Male,Bachelor,5,3,18.10932028793287,49,93,2,Online,0,1,1,1
1322,34,Male,Bachelor,5,5,10.723175959115688,67,17,66,Online,0,1,1,1
1324,27,Male,Master,5,1,16.72820754636826,49,32,18,Online,0,1,1,2
1326,38,Male,Master,12,1,35.25030433315894,45,25,75,Online,0,1,1,2
1327,32,Male,PhD,15,3,36.38766038026991,41,47,53,Online,0,1,1,3
1331,45,Male,Bachelor,8,1,23.11677290251077,10,6,12,Online,0,1,1,1
1334,38,Male,Bachelor,2,4,35.129963989065274,63,55,31,Online,0,1,1,1
1337,39,Male,Master,0,2,49.945977805994985,97,57,34,Online,0,1,1,2
1339,31,Male,Bachelor,2,5,14.362934257353087,87,47,69,Online,0,1,1,1
1343,33,Male,Bachelor,2,2,21.72170234841657,75,73,61,Online,0,1,1,1
1345,24,Male,Master,11,2,46.01561197872454,88,75,67,Online,1,1,1,2
1346,49,Male,Bachelor,10,3,34.24089953581355,91,19,32,Online,0,1,1,1
1350,32,Male,Bachelor,7,4,41.28819591466657,50,53,53,Online,0,1,1,1
1355,37,Male,High School,6,2,14.412517946115535,57,73,69,Online,0,1,1,0
1357,29,Male,Bachelor,2,2,9.766712068842995,90,72,90,Online,0,1,1,1
1360,29,Male,Bachelor,5,4,39.79361447720633,30,73,2,Online,0,1,1,1
1366,39,Male,Bachelor,12,5,11.452906439043309,45,96,66,Online,0,1,1,1
1391,28,Male,Master,14,5,37.64387264419492,3,98,59,Online,1,1,1,2
1392,21,Male,Bachelor,11,1,26.417774378229613,79,39,22,Online,0,1,1,1
1396,20,Male,Bachelor,1,5,22.33951860969597,99,40,29,Online,0,1,1,1
1399,47,Male,PhD,11,1,32.687704359516815,44,61,37,Online,0,1,1,3
1401,27,Male,Bachelor,8,1,23.14755053739664,21,46,26,Online,1,1,1,1
1410,24,Male,Bachelor,12,5,49.01090361914123,65,30,79,Online,1,1,1,1
1417,23,Male,High School,13,2,11.41388375767729,76,57,63,Online,0,1,1,0
1423,27,Male,Bachelor,15,2,39.74642361529775,71,88,6,Online,0,1,1,1
1431,20,Male,Bachelor,9,4,6.145254417100031,29,71,47,Online,1,1,1,1
1432,42,Male,High School,10,1,37.50650938882124,12,8,16,Online,1,1,1,0
1433,50,Male,High School,15,4,20.362302410173747,18,36,35,Online,0,1,1,0
1438,20,Male,High School,8,2,13.607197791947176,85,23,37,Online,0,1,1,0
1446,38,Male,Bachelor,1,1,36.39704578699974,32,41,3,Online,0,1,1,1
1461,39,Male,Bachelor,9,4,31.03033145935913,89,79,66,Online,1,1,1,1
1462,49,Male,Bachelor,4,3,4.123988067891043,5,89,47,Online,1,1,1,1
1465,23,Male,Master,0,5,35.2600726884933,49,46,32,Online,0,1,1,2
1470,48,Male,Bachelor,12,1,25.337552417615772,53,52,26,Online,0,1,1,1
1481,46,Male,Bachelor,13,4,33.497604908294456,38,52,6,Online,1,1,1,1
1484,41,Male,High School,7,1,28.00396609610979,54,58,37,Online,0,1,1,0
1488,34,Male,PhD,5,2,18.98947066909648,20,88,24,Online,1,1,1,3
1491,43,Male,Bachelor,15,3,6.619296614576292,51,79,23,Online,0,1,1,1
1496,27,Male,Bachelor,10,3,14.847730906230494,43,97,7,Online,0,1,1,1
1499,34,Male,Bachelor,11,5,12.910471773780806,63,40,26,Online,1,1,1,1
